City_ID,City,Lat,Lng,Max Temp,Humidity,Cloudiness,Wind Speed,Country,Date
0,bilibino,68.0546,166.4372,53.87,84,100,1.63,RU,1690254868
1,lambarene,-0.7001,10.2406,70.25,93,70,2.68,GA,1690254932
2,olonkinbyen,70.9221,-8.7187,41.41,90,100,10.54,SJ,1690254932
3,ash shihaniyah,25.3686,51.2264,94.62,37,100,3.83,QA,1690254933
4,quilmana,-12.95,-76.3833,66.07,82,35,2.19,PE,1690254933
5,harrison,30.4091,-89.0436,80.65,77,0,0.0,US,1690254933
6,boa vista,2.8197,-60.6733,78.78,83,20,1.14,BR,1690254933
7,qaqortoq,60.7167,-46.0333,41.74,91,93,5.91,GL,1690254933
8,albert lea,43.648,-93.3683,75.83,83,0,0.0,US,1690254933
9,ushuaia,-54.8,-68.3,29.86,69,0,2.3,AR,1690254789
10,nuuk,64.1835,-51.7216,43.41,100,20,13.8,GL,1690254894
11,adamstown,-25.066,-130.1015,68.95,71,16,9.64,PN,1690254934
12,whitehorse,60.7161,-135.0538,69.03,59,75,6.91,CA,1690254873
13,chonchi,-42.6128,-73.8092,47.41,91,74,6.6,CL,1690254934
14,vorgashor,67.5833,63.95,66.81,66,82,5.32,RU,1690254935
15,port-aux-francais,-49.35,70.2167,38.1,65,100,20.92,TF,1690254925
16,alice springs,-23.7,133.8833,62.15,39,0,17.27,AU,1690254937
17,tommot,58.9564,126.2925,78.04,62,100,2.01,RU,1690254938
18,port alfred,-33.5906,26.891,50.72,70,0,5.7,ZA,1690254882
19,san luis de la loma,17.2706,-100.8939,81.14,80,94,3.29,MX,1690254938
20,linhares,-19.3911,-40.0722,66.63,96,45,3.76,BR,1690254939
21,katima mulilo,-17.5,24.2667,54.91,44,18,3.53,NA,1690254939
22,castillos,-34.1667,-53.8333,49.69,93,100,10.16,UY,1690254940
23,cabedelo,-6.9811,-34.8339,74.07,83,35,12.53,BR,1690254940
24,dudinka,69.4058,86.1778,65.62,48,52,14.74,RU,1690254940
25,galliano,29.4422,-90.2992,81.0,89,0,0.0,US,1690254898
26,loango,-4.6719,11.8312,68.34,92,58,2.75,CG,1690254940
27,lompoc,34.6391,-120.4579,78.94,88,0,8.05,US,1690254940
28,punta arenas,-53.15,-70.9167,28.8,86,100,2.62,CL,1690254941
29,blackmans bay,-43.0167,147.3167,55.72,63,100,3.15,AU,1690254941
30,carnarvon,-24.8667,113.6333,69.51,52,84,25.1,AU,1690254941
31,tiksi,71.6872,128.8694,42.19,75,97,6.35,RU,1690254941
32,trinity beach,-16.7888,145.6968,74.05,49,100,11.5,AU,1690254941
33,nova sintra,14.8667,-24.7167,72.32,84,100,14.92,CV,1690254941
34,puerto ayora,-0.7393,-90.3518,76.55,96,57,8.01,EC,1690254941
35,san antonio de pale,-1.4014,5.6325,72.73,84,28,7.02,GQ,1690254941
36,new norfolk,-42.7826,147.0587,56.91,52,100,5.14,AU,1690254941
37,severo-yeniseyskiy,60.3725,93.0408,73.98,54,11,3.2,RU,1690254941
38,gilgit,35.9221,74.3087,80.91,55,68,0.89,PK,1690254942
39,fuxin,42.0156,121.6589,84.25,65,81,9.42,CN,1690254908
40,igarka,67.4667,86.5833,69.84,60,3,6.24,RU,1690254942
41,happy valley-goose bay,53.3168,-60.3315,61.11,82,75,6.91,CA,1690254909
42,tobelo,1.7284,128.0095,85.69,64,85,7.83,ID,1690254942
43,stanley,54.868,-1.6985,49.78,91,0,4.61,GB,1690254864
44,waitangi,-43.9535,-176.5597,53.82,98,100,3.0,NZ,1690254922
45,safi,32.1667,-8.8333,64.89,87,8,11.59,MA,1690254942
46,kapa'a,22.0752,-159.319,84.18,87,100,18.41,US,1690254942
47,klyuchi,52.2667,79.1667,76.01,39,78,11.14,RU,1690254942
48,bawshar,23.5556,58.3989,94.37,49,100,13.8,OM,1690254943
49,hermanus,-34.4187,19.2345,49.24,66,0,5.86,ZA,1690254943
50,clarksdale,34.2001,-90.5709,78.78,89,0,0.0,US,1690254832
51,edinburgh of the seven seas,-37.0676,-12.3116,58.75,80,70,37.71,SH,1690254865
52,bredasdorp,-34.5322,20.0403,42.94,75,0,4.0,ZA,1690254943
53,usakos,-22.0,15.6,63.73,32,29,7.2,NA,1690254943
54,souillac,-20.5167,57.5167,70.18,94,40,0.0,MU,1690254943
55,totness,5.8833,-56.3167,77.5,89,77,1.03,SR,1690254943
56,lamu,-2.2717,40.902,73.62,80,44,13.91,KE,1690254943
57,papatowai,-46.5619,169.4708,46.36,81,97,16.82,NZ,1690254943
58,westport,41.1415,-73.3579,77.74,88,0,8.05,US,1690254908
59,howrah,22.5892,88.3103,86.0,84,40,8.05,IN,1690254943
60,el calafate,-50.3408,-72.2768,21.34,73,100,2.33,AR,1690254944
61,longyearbyen,78.2186,15.6401,49.84,76,75,9.22,SJ,1690254944
62,howard springs,-12.497,131.047,73.81,20,93,12.06,AU,1690254944
63,ust-nera,64.5667,143.2,66.54,71,99,1.45,RU,1690254883
64,hawaiian paradise park,19.5933,-154.9731,80.11,88,100,6.91,US,1690254944
65,la passe,45.5549,-0.8967,62.98,68,100,18.66,FR,1690254866
66,saurimo,-9.6608,20.3916,59.2,47,3,4.74,AO,1690254944
67,west end,26.6833,-78.9667,84.18,72,1,5.79,BS,1690254944
68,south boston,42.3334,-71.0495,73.98,80,0,3.44,US,1690254944
69,georgetown,5.4112,100.3354,89.53,66,20,3.44,MY,1690254706
70,ribeira grande,38.5167,-28.7,71.78,87,12,8.01,PT,1690254944
71,grytviken,-54.2811,-36.5092,21.94,78,21,11.79,GS,1690254945
72,kiunga,-6.1219,141.2906,80.91,66,93,4.59,PG,1690254945
73,motygino,58.1831,94.7592,71.15,75,99,2.37,RU,1690254945
74,jamestown,42.097,-79.2353,67.59,79,0,5.75,US,1690254874
75,aasiaat,68.7098,-52.8699,36.86,96,99,7.43,GL,1690254945
76,port elizabeth,-33.918,25.5701,39.49,93,0,3.44,ZA,1690254945
77,puerto natales,-51.7236,-72.4875,23.58,91,100,0.72,CL,1690254869
78,thompson,55.7435,-97.8558,68.16,64,100,11.5,CA,1690254945
79,kerrville,30.0474,-99.1403,88.56,45,0,7.0,US,1690254945
80,albany,42.6001,-73.9662,68.34,87,24,2.95,US,1690254651
81,stephenville,32.2207,-98.2023,89.87,35,0,9.66,US,1690254945
82,saint-pierre,-21.3393,55.4781,67.68,60,0,9.22,RE,1690254946
83,fort william,56.8165,-5.1121,50.31,95,89,3.51,GB,1690254647
84,college,64.8569,-147.8028,87.78,35,75,13.8,US,1690254946
85,wailua homesteads,22.0669,-159.378,82.83,87,100,18.41,US,1690254946
86,sitia,35.2,26.0986,80.46,68,0,20.13,GR,1690254946
87,tari,12.4086,4.4914,78.37,80,7,8.66,NG,1690254946
88,broome,42.2506,-75.833,66.45,89,100,6.91,US,1690254923
89,chibougamau,49.9168,-74.3659,62.22,100,100,3.85,CA,1690254885
90,uturoa,-16.7333,-151.4333,80.26,83,11,13.8,PF,1690254946
91,dazuocun,24.8862,118.9643,84.34,75,17,23.91,CN,1690254946
92,invercargill,-46.4,168.35,46.8,80,62,18.34,NZ,1690254784
93,rongelap,11.1635,166.8941,84.13,71,34,13.85,MH,1690254947
94,vilyuchinsk,52.9306,158.4028,77.27,63,1,8.55,RU,1690254947
95,san patricio,28.017,-97.5169,86.18,69,49,11.32,US,1690254885
96,illizi,26.4833,8.4667,85.8,12,0,7.47,DZ,1690254947
97,ulsteinvik,62.3432,5.8487,58.91,88,100,20.0,NO,1690254947
98,margaret river,-33.95,115.0667,60.26,89,100,22.7,AU,1690254865
99,kailua-kona,19.6406,-155.9956,84.16,84,75,5.75,US,1690254947
100,kristiansund,63.1115,7.732,56.05,82,75,14.97,NO,1690254947
101,daru,-9.0763,143.2092,79.43,65,100,8.28,PG,1690254947
102,mili,6.0815,171.735,82.22,81,90,10.54,MH,1690254947
103,harwich,51.9419,1.2844,51.53,86,100,8.05,GB,1690254948
104,shagonar,51.5333,92.8,64.35,57,100,1.59,RU,1690254948
105,ilulissat,69.2167,-51.1,42.82,87,29,0.0,GL,1690254871
106,dausa,26.8833,76.3333,89.89,59,31,7.78,IN,1690254948
107,kalinkavichy,52.1323,29.3257,62.2,95,94,6.44,BY,1690254772
108,puerto deseado,-47.7503,-65.8938,41.49,83,100,21.79,AR,1690254686
109,avarua,-21.2078,-159.775,73.45,78,75,5.75,CK,1690254875
110,sur,22.5667,59.5289,79.32,88,100,6.64,OM,1690254948
111,geraldton,-28.7667,114.6,59.41,51,100,13.8,AU,1690254715
112,susuman,62.7833,148.1667,75.65,37,58,11.61,RU,1690254948
113,gadzhiyevo,69.2551,33.3362,49.03,94,100,8.34,RU,1690254900
114,stornoway,58.2093,-6.3865,52.09,90,100,2.3,GB,1690254948
115,ribeira brava,32.65,-17.0667,74.01,77,1,2.35,PT,1690254949
116,sonoita,31.85,-112.8333,94.05,30,86,3.83,MX,1690254949
117,coalinga,36.1397,-120.3602,88.05,15,38,5.64,US,1690254949
118,nieuw amsterdam,5.8833,-55.0833,77.14,92,82,4.88,SR,1690254949
119,okhotsk,59.3833,143.3,66.56,65,25,6.76,RU,1690254949
120,ventersburg,-28.0856,27.1381,37.33,64,98,8.59,ZA,1690254949
121,fort-shevchenko,44.5086,50.263,76.08,75,100,22.75,KZ,1690254949
122,sudzha,51.1976,35.2726,61.09,64,95,7.34,RU,1690254949
123,mhamid,29.82,-5.72,92.52,17,2,2.48,MA,1690254949
124,tura,25.5198,90.2201,82.45,82,86,2.98,IN,1690254950
125,waddan,29.1614,16.139,85.98,25,0,3.02,LY,1690254950
126,nemuro,43.3236,145.575,68.72,88,20,5.75,JP,1690254950
127,saipan,15.1355,145.701,85.64,100,40,16.11,MP,1690254712
128,labytnangi,66.6572,66.4183,67.96,73,95,9.71,RU,1690254950
129,santa catalina,9.3337,122.8637,85.98,87,98,22.48,PH,1690254950
130,torit,4.4133,32.5678,69.49,86,77,2.95,SS,1690254950
131,san angelo,31.4638,-100.437,90.9,28,0,6.91,US,1690254950
132,jiuquan,39.7432,98.5174,87.42,13,6,12.59,CN,1690254731
133,kodiak,57.79,-152.4072,58.51,67,0,11.5,US,1690254950
134,west island,-12.1568,96.8225,78.78,69,100,19.57,CC,1690254867
135,kyabe,9.4515,18.9449,72.97,96,94,4.63,TD,1690254951
136,jijel,36.8205,5.7667,82.35,69,26,4.61,DZ,1690254951
137,bethel,41.3712,-73.414,75.56,81,0,3.44,US,1690254872
138,isafjordur,66.0755,-23.124,48.2,96,100,6.82,IS,1690254951
139,mufumbwe,-13.6833,24.8,51.84,60,0,5.17,ZM,1690254951
140,undurkhaan,47.3194,110.6556,73.99,44,84,7.76,MN,1690254872
141,puerto varas,-41.3195,-72.9854,46.62,100,100,9.22,CL,1690254951
142,nar'yan-mar,67.6713,53.087,62.78,78,46,9.53,RU,1690254951
143,cidreira,-30.1811,-50.2056,63.55,97,100,12.73,BR,1690254678
144,north platte,41.1239,-100.7654,84.11,74,0,8.99,US,1690254951
145,atasu,48.6814,71.6433,77.4,28,8,7.02,KZ,1690254951
146,cody,44.5263,-109.0565,73.65,72,0,4.61,US,1690254951
147,usinsk,65.9939,57.5281,64.62,72,7,5.64,RU,1690254952
148,brigantine,39.4101,-74.3646,75.99,89,0,4.61,US,1690254952
149,nguigmi,14.2495,13.1092,84.51,52,16,11.27,NE,1690254952
150,ingeniero guillermo n. juarez,-23.9,-61.85,59.97,54,100,9.66,AR,1690254952
151,cabo san lucas,22.8909,-109.9124,89.62,75,75,10.36,MX,1690254758
152,talnakh,69.4865,88.3972,65.21,54,29,3.91,RU,1690254875
153,taulaga,-11.0553,-171.0883,82.44,74,72,19.37,AS,1690254952
154,al wafrah,28.6392,47.9306,95.14,8,66,8.55,KW,1690254952
155,codrington,-38.2667,141.9667,57.31,63,7,4.0,AU,1690254729
156,lihue,21.9789,-159.3672,83.44,83,100,18.41,US,1690254952
157,alamosa,37.4695,-105.87,75.18,31,0,19.57,US,1690254952
158,santo antonio do ica,-3.1022,-67.9397,74.89,86,49,1.97,BR,1690254952
159,ulladulla,-35.35,150.4667,59.34,55,6,5.77,AU,1690254952
160,ciudad lazaro cardenas,17.9583,-102.2,81.55,76,100,2.33,MX,1690254953
161,quellon,-43.1167,-73.6167,46.65,100,100,10.36,CL,1690254953
162,yarkovo,57.4028,67.0786,64.47,81,31,5.64,RU,1690254953
163,lata,40.1629,-8.3327,53.64,98,34,2.08,PT,1690254953
164,port lincoln,-34.7333,135.8667,58.28,69,0,10.07,AU,1690254953
165,waingapu,-9.6567,120.2641,80.26,62,34,16.17,ID,1690254953
166,palmira,3.5394,-76.3036,72.88,73,40,8.05,CO,1690254953
167,atar,20.5169,-13.0499,91.2,33,6,5.61,MR,1690254953
168,iquique,-20.2208,-70.1431,66.24,80,43,1.01,CL,1690254777
169,iqaluit,63.7506,-68.5145,41.7,93,40,5.99,CA,1690254953
170,tofol,5.3248,163.0078,85.78,74,75,11.5,FM,1690254954
171,basoko,1.2391,23.616,73.9,88,82,3.13,CD,1690254871
172,es castell,39.8795,4.2854,77.68,78,75,19.57,ES,1690254954
173,awjilah,29.1081,21.2869,84.78,26,0,8.97,LY,1690254950
174,santiago de cao,-7.9589,-79.2392,71.73,83,100,8.05,PE,1690254954
175,bandarbeyla,9.4942,50.8122,77.92,66,96,28.48,SO,1690254954
176,harper,4.375,-7.7169,76.84,84,100,9.28,LR,1690254954
177,barro alto,-11.7608,-41.9117,63.21,77,18,7.25,BR,1690254954
178,murun-kuren,49.6342,100.1625,63.55,60,96,10.87,MN,1690254954
179,queenstown,-31.8976,26.8753,36.46,59,13,2.39,ZA,1690254825
180,salalah,17.0151,54.0924,77.09,100,100,16.11,OM,1690254954
181,callao,-12.0667,-77.15,70.09,73,40,12.66,PE,1690254722
182,carolina beach,34.0352,-77.8936,82.02,86,44,6.22,US,1690254955
183,petropavlovsk-kamchatsky,53.0452,158.6483,75.79,44,40,6.71,RU,1690254924
184,as sulayyil,20.4607,45.5779,86.25,11,83,7.76,SA,1690254955
185,marsabit,2.3284,37.9899,59.65,84,72,14.76,KE,1690254955
186,el gouna,27.3942,33.6782,85.24,48,0,5.19,EG,1690254955
187,obidos,-1.9175,-55.5181,77.79,58,43,2.8,BR,1690254955
188,sayat,38.7839,63.8803,89.47,12,0,15.17,TM,1690254955
189,prince rupert,54.3161,-130.3201,57.29,94,75,2.3,CA,1690254655
190,hami,42.8,93.45,91.81,15,0,5.93,CN,1690254955
191,fuyu,45.1833,124.8167,80.96,63,82,7.94,CN,1690254955
192,saint-philippe,-21.3585,55.7679,67.59,85,7,7.74,RE,1690254955
193,hasaki,35.7333,140.8333,100.29,75,99,11.32,JP,1690254922
194,lujan,-34.5703,-59.105,51.03,88,63,4.0,AR,1690254955
195,anadyr,64.75,177.4833,55.0,76,100,20.13,RU,1690254956
196,santana,-0.0583,-51.1817,78.98,94,0,5.75,BR,1690254804
197,monahans,31.5943,-102.8926,93.88,24,0,11.48,US,1690254956
198,greenfield,42.9614,-88.0126,72.75,69,20,6.91,US,1690254956
199,hithadhoo,-0.6,73.0833,82.67,79,100,16.42,MV,1690254884
200,tual,-5.6667,132.75,76.73,77,86,24.09,ID,1690254956
201,coquimbo,-29.9533,-71.3436,55.13,82,0,4.61,CL,1690254739
202,den burg,53.0542,4.7972,58.98,74,40,9.22,NL,1690254956
203,luderitz,-26.6481,15.1594,54.28,72,75,2.73,NA,1690254956
204,bilajer,40.5681,50.0378,78.62,78,0,29.93,AZ,1690254956
205,bouna,9.2667,-3.0,71.65,96,100,3.51,CI,1690254956
206,kendari,-3.945,122.4989,84.22,62,40,4.29,ID,1690254956
207,lazaro cardenas,17.9583,-102.2,81.55,76,100,2.33,MX,1690254957
208,la'ie,21.6477,-157.9253,85.96,72,1,15.19,US,1690254957
209,mejit,10.2753,170.8646,83.1,78,100,17.81,MH,1690254957
210,starodub,52.5844,32.7633,60.13,97,100,6.46,RU,1690254957
211,huarmey,-10.0681,-78.1522,69.06,82,26,9.06,PE,1690254957
212,utrik,11.2278,169.8474,83.71,75,100,16.53,MH,1690254957
213,holualoa,19.6228,-155.9522,80.44,85,75,5.75,US,1690254957
214,sechura,-5.5569,-80.8222,71.91,76,100,14.5,PE,1690254957
215,itaituba,-4.2761,-55.9836,74.01,55,3,0.56,BR,1690254957
216,dosso,13.049,3.1937,82.49,66,13,8.19,NE,1690254957
217,salekhard,66.53,66.6019,68.9,70,91,10.69,RU,1690254875
218,belmonte,-15.8631,-38.8828,69.58,88,12,7.54,BR,1690254958
219,manokwari,-0.8667,134.0833,83.5,71,15,3.78,ID,1690254958
220,grand gaube,-20.0064,57.6608,70.2,83,56,1.99,MU,1690254958
221,egilsstadir,65.2653,-14.3948,42.71,87,100,5.75,IS,1690254958
222,kismayo,-0.3582,42.5454,76.44,77,84,17.47,SO,1690254958
223,karatuzskoye,53.6072,92.8667,65.39,72,100,4.83,RU,1690254958
224,choibalsan,48.0667,114.5,75.96,46,10,5.82,MN,1690254958
225,arraial do cabo,-22.9661,-42.0278,69.62,89,6,21.25,BR,1690254958
226,hamilton,39.1834,-84.5333,73.04,88,0,4.61,US,1690254770
227,kerman,30.2832,57.0788,71.46,23,20,6.91,IR,1690254958
228,robore,-18.3333,-59.75,71.13,40,0,3.13,BO,1690254958
229,newman,37.3138,-121.0208,89.29,27,70,1.99,US,1690254845
230,ares,-6.1944,-35.1603,73.49,90,10,10.2,BR,1690254839
231,i-n-salah,27.1935,2.4607,92.3,9,0,11.99,DZ,1690254907
232,lensk,60.7253,114.9278,90.19,30,1,5.21,RU,1690254959
233,aykhal,66.0,111.5,61.16,71,98,7.36,RU,1690254959
234,alofi,-19.0595,-169.9187,75.09,64,40,6.91,NU,1690254906
235,sinabang,2.4803,96.3801,83.77,71,61,2.13,ID,1690254959
236,yellowknife,62.456,-114.3525,75.72,41,75,12.66,CA,1690254959
237,rome,34.257,-85.1647,75.47,83,0,0.0,US,1690254857
238,pedra branca,-5.4542,-39.7172,69.69,57,36,3.58,BR,1690254959
239,narok,-1.0783,35.8601,57.16,82,92,3.83,KE,1690254959
240,amos,48.5669,-78.1162,55.83,95,41,2.93,CA,1690254959
241,kangding,30.0513,101.9603,63.95,97,100,4.12,CN,1690254959
242,tazovsky,67.4667,78.7,62.87,77,24,8.05,RU,1690254880
243,tralee,52.2704,-9.7026,50.83,90,19,1.99,IE,1690254960
244,kidal,18.4411,1.4078,92.89,38,100,10.27,ML,1690254960
245,gaspe,48.8334,-64.4819,64.62,100,20,3.44,CA,1690254960
246,udachny,66.4167,112.4,66.18,51,80,5.01,RU,1690254960
247,bemidji,47.4736,-94.8803,69.89,89,0,5.75,US,1690254960
248,badger,64.8,-147.5333,87.71,37,75,13.8,US,1690254960
249,marietta,33.9526,-84.5499,80.28,72,0,2.3,US,1690254960
250,saint-leu,-21.15,55.2833,67.06,77,0,1.12,RE,1690254960
251,suileng,47.25,127.0833,78.51,63,13,9.28,CN,1690254960
252,constantia,44.1833,28.65,68.7,78,5,13.29,RO,1690254846
253,manaure,11.7751,-72.4445,81.27,74,86,17.0,CO,1690254961
254,luganville,-15.5333,167.1667,76.08,96,100,6.64,VU,1690254961
255,kralendijk,12.15,-68.2667,82.38,83,26,14.97,BQ,1690254780
256,bardai,11.65,7.2333,70.72,92,30,7.96,NG,1690254952
257,morondava,-20.2833,44.2833,66.07,55,3,12.53,MG,1690254961
258,sinan,34.8262,126.1086,84.31,92,98,14.81,KR,1690254797
259,kone,-21.0595,164.8658,74.08,48,100,14.41,NC,1690254961
260,acajutla,13.5928,-89.8275,77.65,92,98,10.69,SV,1690254961
261,praia,14.9215,-23.5087,79.34,78,40,14.97,CV,1690254961
262,male,4.1748,73.5089,87.75,74,75,8.05,MV,1690254962
263,saint george's,12.0564,-61.7485,78.48,89,75,10.36,GD,1690254962
264,dickson,36.077,-87.3878,75.04,95,20,0.0,US,1690254962
265,enewetak,11.3474,162.3373,83.62,79,43,16.22,MH,1690254888
266,nabire,-3.3667,135.4833,87.22,58,96,4.94,ID,1690254962
267,siocon,7.7061,122.1353,84.25,76,77,13.04,PH,1690254962
268,sao felix do xingu,-6.6447,-51.995,70.72,53,1,0.87,BR,1690254802
269,port mathurin,-19.6833,63.4167,74.21,75,90,21.25,MU,1690254874
270,khandyga,62.6667,135.6,82.56,50,27,8.03,RU,1690254887
271,tolanaro,-25.0319,46.9987,61.92,90,13,9.82,MG,1690254890
272,yeniseysk,58.4497,92.1703,73.63,69,86,4.07,RU,1690254963
273,taltal,-25.4,-70.4833,59.05,84,28,4.65,CL,1690254963
274,entebbe,0.0644,32.4469,70.12,88,40,2.3,UG,1690254963
275,qamdo,31.1667,97.2333,42.8,88,100,4.97,CN,1690254963
276,argos,37.6333,22.7333,77.79,44,0,2.73,GR,1690254963
277,kavieng,-2.5744,150.7967,80.55,80,91,2.55,PG,1690254963
278,san nicolas,18.1725,120.5953,82.31,94,100,18.41,PH,1690254963
279,ponoka,52.6768,-113.5815,75.88,79,37,12.01,CA,1690254964
280,tsawwassen,49.018,-123.0817,62.76,97,100,17.27,CA,1690254666
281,xilin hot,43.9667,116.0333,83.44,31,31,3.2,CN,1690254964
282,pizarro,4.9533,-77.366,80.46,86,100,4.18,CO,1690254964
283,sambava,-14.2667,50.1667,67.66,87,77,7.49,MG,1690254964
284,korla,41.7597,86.1469,89.64,20,52,8.03,CN,1690254964
285,rio grande,-32.035,-52.0986,54.95,94,100,21.77,BR,1690254964
286,muli,2.9167,73.5667,82.74,77,99,7.0,MV,1690254964
287,kurumkan,54.3,110.3,73.0,66,98,3.42,RU,1690254964
288,vredendal,-31.6683,18.5012,48.85,47,16,9.1,ZA,1690254965
289,mata-utu,-13.2816,-176.1745,80.38,74,100,18.03,WF,1690254900
290,atafu village,-8.5421,-172.5159,83.98,72,55,19.24,TK,1690254965
291,sitka,57.0531,-135.33,64.29,68,0,19.57,US,1690254965
292,catalina,32.5056,-110.9211,93.06,53,98,1.99,US,1690254965
293,mitchell,43.7094,-98.0298,76.98,78,0,6.91,US,1690254759
294,levuka,50.1834,-105.4011,75.02,29,64,7.74,CA,1690254965
295,fale old settlement,-9.3852,-171.2468,83.77,73,7,19.3,TK,1690254965
296,morehead city,34.7229,-76.726,84.2,84,40,8.05,US,1690254965
297,dera bugti,29.0307,69.151,85.46,65,100,1.7,PK,1690254966
298,viedma,-40.8135,-62.9967,43.32,82,96,16.51,AR,1690254711
299,fort bragg,35.139,-79.006,78.64,86,20,0.0,US,1690254966
300,inirida,3.8653,-67.9239,73.22,97,82,2.33,CO,1690254966
301,tukrah,32.5341,20.5791,81.97,64,0,5.59,LY,1690254966
302,puerto baquerizo moreno,-0.9,-89.6,75.79,88,27,12.53,EC,1690254743
303,turpan,42.9333,89.1667,101.1,17,0,5.03,CN,1690254966
304,praia da vitoria,38.7333,-27.0667,70.75,94,40,10.07,PT,1690254966
305,waiuku,-37.25,174.75,58.32,78,99,13.76,NZ,1690254966
306,yamethin,20.4333,96.15,87.06,60,76,8.99,MM,1690254967
307,hobyo,5.3505,48.5268,76.57,80,33,25.66,SO,1690254967
308,fortuna,40.5982,-124.1573,66.92,84,0,9.22,US,1690254845
309,chui,-33.6971,-53.4616,51.06,94,100,12.5,UY,1690254936
310,laascaanood,8.4774,47.3597,70.5,71,49,33.84,SO,1690254967
311,lerwick,60.1545,-1.1494,50.0,87,78,13.0,GB,1690254760
312,oranjemund,-28.55,16.4333,55.85,53,99,4.5,NA,1690254915
313,ongjin,37.9347,125.3619,80.26,83,50,9.84,KP,1690254967
314,aswan,24.0934,32.907,89.65,19,1,8.5,EG,1690254739
315,lebu,-37.6167,-73.65,54.63,90,100,14.52,CL,1690254968
316,jijiga,9.35,42.8,63.05,77,100,17.36,ET,1690254968
317,santyoku,37.4406,129.1708,83.64,69,100,4.61,KR,1690254968
318,ca mau,9.1769,105.15,84.04,73,100,10.78,VN,1690254968
319,tamiahua,21.2667,-97.45,77.27,77,100,1.32,MX,1690254968
320,ceres,37.5949,-120.9577,88.12,34,0,9.22,US,1690254968
321,dawesville,30.9224,-84.0091,77.41,91,0,0.0,US,1690254968
322,kampene,-3.6,26.6667,74.21,48,85,1.23,CD,1690254968
323,hadibu,12.65,54.0333,77.09,78,97,25.99,YE,1690254901
324,saldanha,-33.0117,17.9442,37.45,77,0,9.69,ZA,1690254968
325,nikolayevsk-on-amure,53.1406,140.73,83.34,46,61,7.7,RU,1690254877
326,portland,45.5234,-122.6762,75.36,63,40,13.8,US,1690254864
327,macedo de cavaleiros,41.5382,-6.9611,59.38,87,0,3.36,PT,1690254969
328,amarpatan,24.3167,80.9833,87.87,59,71,3.89,IN,1690254969
329,miquelon,47.0975,-56.3814,64.4,95,83,12.95,PM,1690254969
330,acapulco de juarez,16.8634,-99.8901,82.22,83,100,6.91,MX,1690254969
331,urangan,-25.3,152.9,68.54,63,5,20.74,AU,1690254969
332,palikir - national government center,6.9248,158.1611,88.54,74,100,9.22,FM,1690254969
333,agadez,19.75,10.25,83.97,14,41,6.8,NE,1690254969
334,ghat,24.9647,10.1728,84.31,14,4,1.23,LY,1690254970
335,rubizhne,49.0123,38.3797,64.45,60,1,1.74,UA,1690254970
336,urengoy,65.9667,78.3667,75.85,53,35,5.91,RU,1690254970
337,minas de marcona,-15.2119,-75.1103,54.07,88,57,14.65,PE,1690254970
338,bretten,49.0392,8.7028,63.09,88,100,3.33,DE,1690254970
339,tucumcari,35.1717,-103.725,89.44,20,0,12.66,US,1690254970
340,posto fiscal rolim de moura,-13.0833,-62.2667,70.66,44,0,1.36,BR,1690254970
341,padang,-0.9492,100.3543,87.85,66,40,2.82,ID,1690254967
342,tanjung pandan,-2.75,107.65,87.17,60,46,7.38,ID,1690254970
343,gambat,27.3515,68.5205,82.49,72,100,8.05,PK,1690254971
344,pamekasan,-7.1568,113.4746,83.84,62,28,12.88,ID,1690254971
345,page,36.9147,-111.4558,82.18,36,0,6.91,US,1690254847
346,manston,50.95,-2.2667,59.05,91,92,4.83,GB,1690254971
347,dryden,49.7833,-92.7503,68.29,60,0,6.91,CA,1690254971
348,darwin,-12.4611,130.8418,73.89,28,0,17.27,AU,1690254901
349,conception bay south,47.4999,-52.9981,70.05,88,65,9.71,CA,1690254739
350,mumbwa,-14.9783,27.0619,56.77,54,43,4.16,ZM,1690254971
351,las animas,-39.8087,-73.2182,51.94,96,100,8.57,CL,1690254971
352,makoua,0.0069,15.6333,72.63,87,32,4.03,CG,1690254972
353,ritchie,-29.038,24.6028,43.3,32,100,8.79,ZA,1690254972
354,el bauga,18.262,33.9081,88.07,15,55,7.9,SD,1690254972
355,gornopravdinsk,60.05,69.9,65.37,82,9,2.82,RU,1690254972
356,macapa,0.0389,-51.0664,78.78,94,0,5.75,BR,1690254972
357,itamaraju,-17.0392,-39.5311,63.84,98,31,2.8,BR,1690254972
358,mgandu,-5.95,34.1333,57.49,82,8,6.91,TZ,1690254972
359,kerema,-7.9631,145.7785,78.67,69,99,8.61,PG,1690254972
360,sabinanigo,42.5192,-0.3661,58.12,86,3,5.99,ES,1690254972
361,kingston,17.997,-76.7936,83.35,77,20,2.3,JM,1690254934
362,chrysoupolis,40.9856,24.6939,69.6,83,0,3.44,GR,1690254973
363,palmer,42.1584,-72.3287,72.01,72,20,8.05,US,1690254712
364,nyurba,63.2842,118.3319,69.17,80,93,7.25,RU,1690254973
365,taoudenni,22.6783,-3.9836,100.94,14,91,0.98,ML,1690254973
366,tazacorte,28.629,-17.9293,72.57,83,75,8.05,ES,1690254973
367,kvissleby,62.2936,17.375,55.24,93,16,4.34,SE,1690254973
368,bintulu,3.1667,113.0333,86.41,74,20,5.75,MY,1690254974
369,vadso,70.0744,29.7487,49.08,93,75,13.8,NO,1690254974
370,chiras,35.4167,65.9823,65.39,37,6,2.26,AF,1690254974
371,usogorsk,63.4106,48.6872,56.48,97,100,5.88,RU,1690254974
372,keflavik,64.0049,-22.5624,51.71,100,100,8.05,IS,1690254974
373,qarqaraly,49.4058,75.4742,73.78,34,42,10.74,KZ,1690254974
374,forbes,-33.3833,148.0167,67.91,42,0,0.51,AU,1690254974
375,preobrazheniye,42.9019,133.9064,77.52,72,43,10.94,RU,1690254974
376,marienthal,53.5667,10.0833,57.02,99,0,4.61,DE,1690254975
377,guanica,17.9716,-66.908,83.05,69,22,5.19,PR,1690254975
378,sogndal,61.2283,7.1003,53.98,100,100,0.0,NO,1690254835
379,funafuti,-8.5243,179.1942,87.8,84,75,16.11,TV,1690254975
380,stilfontein,-26.8449,26.7683,43.27,17,75,4.34,ZA,1690254975
381,coron,11.9986,120.2043,80.22,88,100,20.94,PH,1690254975
382,calabozo,8.9242,-67.4293,74.61,92,0,2.57,VE,1690254710
383,danane,7.2596,-8.155,71.19,100,100,1.5,CI,1690254975
384,camayenne,9.535,-13.6878,77.99,84,100,2.84,GN,1690254975
385,quiberon,47.4841,-3.1196,59.07,86,95,4.0,FR,1690254975
386,ghanzi,-21.5667,21.7833,58.44,32,27,5.59,BW,1690254975
387,dunedin,-45.8742,170.5036,47.8,71,87,5.99,NZ,1690254976
388,althengstett,48.7233,8.7943,60.06,86,100,3.04,DE,1690254976
389,nagano,36.6514,138.1811,97.39,54,5,2.68,JP,1690254806
390,lalibela,12.0333,39.0333,58.55,87,100,1.21,ET,1690254976
391,ierapetra,35.01,25.7353,81.57,57,0,10.02,GR,1690254976
392,soe,-9.8607,124.284,70.81,59,47,7.74,ID,1690254976
393,la gomera,14.0833,-91.05,78.1,88,100,2.53,GT,1690254977
394,kayangel,8.0823,134.7173,83.44,74,99,9.31,PW,1690254977
395,ambon,-3.6954,128.1814,82.54,65,40,9.22,ID,1690254841
396,mahina,-17.5065,-149.489,83.97,74,40,10.36,PF,1690254878
397,labrador city,52.9463,-66.9114,63.68,60,92,3.36,CA,1690254679
398,st. john's,47.5649,-52.7093,70.29,88,40,19.57,CA,1690254816
399,rio gallegos,-51.6226,-69.2181,30.29,91,99,3.44,AR,1690254683
400,puerto aysen,-45.4,-72.7,36.73,99,100,2.17,CL,1690254977
401,touros,-5.1989,-35.4608,74.17,86,12,13.38,BR,1690254977
402,east london,-33.0153,27.9116,41.94,93,0,3.44,ZA,1690254977
403,santa ana de yacuma,-13.75,-65.4333,77.94,42,0,1.43,BO,1690254978
404,santa elena de uairen,4.6167,-61.1333,68.45,89,86,2.1,VE,1690254920
405,rio verde de mato grosso,-18.9181,-54.8442,71.82,36,0,3.87,BR,1690254978
406,shevchenko,48.5,35.0,65.97,49,1,5.26,UA,1690254978
407,mount gambier,-37.8333,140.7667,58.28,58,51,4.54,AU,1690254978
408,mandera,3.9366,41.867,74.34,69,21,14.34,KE,1690254978
409,tsiombe,-25.3,45.4833,58.14,93,0,5.32,MG,1690254891
410,remire-montjoly,4.9167,-52.2667,75.24,100,75,0.0,GF,1690254979
411,isangel,-19.55,169.2667,69.75,77,100,14.99,VU,1690254939
412,champerico,14.3,-91.9167,82.96,71,57,3.91,GT,1690254979
413,haiku-pauwela,20.9219,-156.3051,82.42,65,20,25.32,US,1690254979
414,'ain benian,36.8028,2.9219,80.65,65,80,13.29,DZ,1690254979
415,international falls,48.6011,-93.411,60.15,94,0,0.0,US,1690254979
416,afaahiti,-17.75,-149.2833,82.27,81,5,17.92,PF,1690254979
417,asau,46.4333,26.4,61.72,64,41,5.1,RO,1690254979
418,olyokminsk,60.3736,120.4264,90.7,31,3,2.01,RU,1690254979
419,vila franca do campo,37.7167,-25.4333,70.21,89,34,4.43,PT,1690254980
420,ebon,4.582,168.6964,83.59,74,39,9.08,MH,1690254980
421,yaren,-0.5472,166.916,84.6,72,44,9.26,NR,1690254980
422,ishinomaki,38.4167,141.3,86.0,64,30,4.21,JP,1690254980
423,port macquarie,-31.4333,152.9167,65.89,55,8,10.56,AU,1690254714
424,uray,60.1247,64.7758,63.48,81,99,4.21,RU,1690254980
425,fort mcmurray,56.7268,-111.381,78.39,53,0,8.05,CA,1690254782
426,boyolangu,-8.1181,111.8935,83.98,100,40,6.35,ID,1690254980
427,squamish,49.7014,-123.1512,63.1,95,100,0.0,CA,1690254981
428,murzuq,25.9155,13.9184,86.45,18,5,9.6,LY,1690254907
429,christchurch,-43.5333,172.6333,51.48,87,40,9.22,NZ,1690254947
430,parksville,49.3163,-124.3195,62.73,94,93,14.97,CA,1690254781
431,karratha,-20.7377,116.8463,70.14,48,0,23.09,AU,1690254981
432,zeya,53.75,127.2667,75.92,58,99,2.39,RU,1690254981
433,kolaras,25.2333,77.6,85.42,67,75,8.46,IN,1690254981
434,samraong,12.4526,105.5873,83.07,82,51,3.78,KH,1690254981
435,lijiang,26.8688,100.2207,65.23,89,100,4.63,CN,1690254981
436,salumbar,24.1333,74.05,81.95,82,74,11.32,IN,1690254981
437,concepcion de la sierra,-27.9831,-55.5203,66.27,93,100,3.22,AR,1690254982
438,puerto la cruz,10.2167,-64.6167,78.21,89,74,7.09,VE,1690254982
439,laguna,38.421,-121.4238,91.45,39,0,9.22,US,1690254982
440,sebastopol,44.6,33.5333,66.99,55,0,2.51,UA,1690254982
441,mount pearl,47.5166,-52.7813,68.45,87,40,19.57,CA,1690254982
442,argo,37.6333,22.7333,77.79,44,0,2.73,GR,1690254963
443,bamboo flat,11.7,92.7167,86.09,74,40,10.36,IN,1690254982
444,flin flon,54.7682,-101.865,69.42,50,89,6.24,CA,1690254983
445,amahai,-3.3333,128.9167,78.21,80,86,13.33,ID,1690254983
446,aktau,43.65,51.2,81.18,58,100,19.28,KZ,1690254733
447,ugoofaaru,5.6667,73.0,82.56,78,100,9.08,MV,1690254983
448,ostersund,63.1792,14.6357,56.61,35,100,8.05,SE,1690254715
449,patamda,24.3,85.4167,87.6,54,99,9.46,IN,1690254983
450,freetown,8.484,-13.2299,78.51,83,75,4.61,SL,1690254983
451,cannonvale,-20.2833,148.7,65.59,75,20,14.34,AU,1690254983
452,micheweni,-4.9667,39.8333,74.43,84,41,10.42,TZ,1690254983
453,crane,31.3974,-102.3501,90.41,22,0,11.41,US,1690254882
454,collie,-33.3667,116.15,56.97,66,100,10.11,AU,1690254984
455,brokopondo,4.75,-55.1667,78.19,81,86,2.64,SR,1690254984
456,malango,-2.9627,119.9001,79.48,60,96,3.27,ID,1690254984
457,timaru,-44.4,171.25,49.06,97,63,4.0,NZ,1690254984
458,yunyang,33.4474,112.7142,91.69,56,28,5.06,CN,1690254984
459,orange,33.7,-117.7675,88.88,76,20,8.05,US,1690254876
460,batie,9.8833,-2.9167,71.82,97,100,3.65,BF,1690254984
461,tottori,35.5,134.2333,89.67,70,20,10.36,JP,1690254985
462,polyarnyy,69.1989,33.4478,49.41,94,100,7.0,RU,1690254867
463,lesozavodsk,45.4794,133.4244,83.19,60,2,11.88,RU,1690254985
464,conde,-7.2597,-34.9075,72.86,94,75,9.22,BR,1690254985
465,kinablangan,7.6947,126.5503,83.7,74,100,6.46,PH,1690254985
466,isla cristina,37.2,-7.3167,68.29,66,0,15.9,ES,1690254985
467,santo antonio,-6.3106,-35.4789,69.06,94,5,9.95,BR,1690254985
468,forster,-32.1667,152.5167,65.28,61,76,8.63,AU,1690254986
469,trairi,-3.2778,-39.2689,77.43,82,7,10.11,BR,1690254934
470,makurazaki,31.2667,130.3167,82.71,77,25,14.47,JP,1690254986
471,trevelin,-43.0858,-71.4639,35.08,99,99,2.42,AR,1690254986
472,sarmiento,-45.5882,-69.07,38.25,73,100,6.78,AR,1690254971
473,pirot,43.1531,22.5861,70.68,55,2,4.85,RS,1690254986
474,ust'-ilimsk,58.0006,102.6619,72.5,64,99,6.53,RU,1690254986
475,morant bay,17.8815,-76.4093,83.82,82,85,7.7,JM,1690254987
476,cadale,2.7603,46.3222,76.35,84,14,21.14,SO,1690254987
477,wad rawah,15.1603,33.1397,87.64,44,94,12.59,SD,1690254987
478,shingu,33.7333,135.9833,85.96,66,4,7.74,JP,1690254980
479,knyaze-volkonskoye,48.4642,135.4567,75.54,71,95,13.98,RU,1690254987
480,ilabaya,-17.4208,-70.5133,60.76,61,0,0.4,PE,1690254987
481,vyritsa,59.4078,30.3481,53.11,89,44,4.43,RU,1690254987
482,erenhot,43.6475,111.9767,86.22,19,99,7.99,CN,1690254988
483,fortuna foothills,32.6578,-114.4119,109.49,19,0,4.61,US,1690254988
484,saint-francois,46.4154,3.9054,62.04,72,58,10.36,FR,1690254744
485,aliveri,38.4167,24.0333,84.42,48,0,3.04,GR,1690254988
486,campo gallo,-26.5833,-62.85,55.94,69,100,5.61,AR,1690254988
487,olinda,-8.0089,-34.8553,74.93,88,40,6.91,BR,1690254988
488,priozersk,61.0393,30.1291,60.1,91,100,4.03,RU,1690254988
489,soledad,10.9184,-74.7646,82.53,83,0,10.36,CO,1690254989
490,sarh,9.1429,18.3923,71.78,97,80,2.01,TD,1690254818
491,ormara,25.2088,64.6357,83.35,86,100,11.14,PK,1690254989
492,nagqu,31.5,92.0,42.13,89,100,5.14,CN,1690254989
493,ayorou,14.7308,0.9174,86.58,52,100,12.06,NE,1690254989
494,bossangoa,6.4926,17.4552,68.14,97,36,3.96,CF,1690254990
495,sindhnur,15.7833,76.7667,74.16,88,100,14.25,IN,1690254990
496,strelka,58.0728,93.0344,72.97,71,89,5.28,RU,1690254990
497,miyako,39.6367,141.9525,85.21,62,4,3.96,JP,1690254990
498,mariehamn,60.0973,19.9348,60.66,94,75,5.75,AX,1690254990
499,greymouth,-42.4667,171.2,52.02,84,80,9.04,NZ,1690254990
500,mar del plata,-38.0023,-57.5575,44.94,77,40,15.01,AR,1690254990
501,port augusta,-32.5,137.7667,62.65,48,0,3.02,AU,1690254990
502,semporna,4.4818,118.6112,84.97,74,77,15.05,MY,1690254990
503,puerto maldonado,-12.6,-69.1833,73.09,65,7,0.6,PE,1690254991
504,glace bay,46.1969,-59.957,70.9,93,75,3.44,CA,1690254991
505,wynyard,-41.0,145.7167,56.77,64,87,7.92,AU,1690254991
506,axim,4.8699,-2.2405,76.03,91,100,5.35,GH,1690254959
507,whitby,54.4877,-0.615,51.15,83,100,1.01,GB,1690254991
508,les cayes,18.2,-73.75,80.53,79,100,2.17,HT,1690254991
509,tres isletas,-26.3407,-60.4321,58.35,73,100,6.62,AR,1690254991
510,childress,34.4264,-100.204,91.92,27,0,8.05,US,1690254818
511,tosontsengel,48.7567,98.2839,61.32,52,58,6.91,MN,1690254991
512,lakatoro,-16.0999,167.4164,76.19,93,100,11.25,VU,1690254992
513,vila velha,-20.3297,-40.2925,68.95,88,75,2.3,BR,1690254992
514,yatou,37.15,122.3833,86.07,65,99,9.89,CN,1690254992
515,jalal-abad,40.9333,73.0,85.64,20,0,1.77,KG,1690254992
516,matias barbosa,-21.8692,-43.3194,64.06,80,57,2.1,BR,1690254992
517,villa gesell,-37.2639,-56.973,45.05,74,50,10.2,AR,1690254992
518,lewistown,40.5992,-77.5714,70.16,93,13,2.01,US,1690254992
519,barcelos,41.5388,-8.6151,59.92,94,4,4.9,PT,1690254992
520,fuerte olimpo,-21.0415,-57.8738,70.41,41,0,5.23,PY,1690254993
521,phan rang-thap cham,11.5667,108.9833,91.31,50,100,8.16,VN,1690254993
522,guajara,-2.9667,-57.6667,77.0,53,4,1.61,BR,1690254993
523,flying fish cove,-10.4217,105.6791,78.48,83,100,11.5,CX,1690254993
524,naze,28.3667,129.4833,85.12,79,100,11.25,JP,1690254993
525,kollam,8.8833,76.6,77.34,85,100,7.27,IN,1690254993
526,tarawa,1.419,172.984,87.89,70,40,3.44,KI,1690254993
527,qandala,11.472,49.8728,89.17,49,100,12.15,SO,1690254993
528,leticia,-4.2153,-69.9406,75.25,94,0,0.0,CO,1690254993
529,basey,11.2817,125.0683,84.18,74,100,14.56,PH,1690254993
530,palmas,-10.2128,-48.3603,71.47,60,0,6.91,BR,1690254994
531,yeppoon,-23.1333,150.7333,71.38,74,17,23.71,AU,1690254994
532,isla aguada,18.7833,-91.4667,86.04,83,100,14.16,MX,1690254994
533,bukittinggi,-0.3091,100.3706,78.39,56,38,3.42,ID,1690254994
534,mugumu,-1.85,34.7,62.73,69,56,2.93,TZ,1690254994
535,pangai,-19.8,-174.35,71.91,62,16,9.57,TO,1690254994
536,tyukhtet,56.5389,89.3011,66.0,88,99,3.98,RU,1690254994
537,ola,59.5833,151.2833,77.14,60,4,6.42,RU,1690254994
538,chalus,36.655,51.4204,80.06,74,40,2.3,IR,1690254994
539,carutapera,-1.195,-46.02,76.17,89,6,4.18,BR,1690254994
540,sulak,43.2734,47.5146,70.59,93,100,2.89,RU,1690254995
541,nadym,65.5333,72.5167,72.88,60,100,8.7,RU,1690254995
542,terenozek,45.05,64.9833,93.16,18,0,5.64,KZ,1690254995
543,selfoss,63.9331,-20.9971,51.04,91,100,2.26,IS,1690254995
544,offanengo,45.3789,9.7424,70.09,88,100,5.01,IT,1690254995
545,malanje,-9.5402,16.341,60.69,32,8,2.68,AO,1690254995
546,horta,38.5333,-28.6333,71.02,87,25,8.01,PT,1690254995
547,farafangana,-22.8167,47.8333,65.48,91,10,5.75,MG,1690254995
548,caras,-9.0467,-77.8114,62.02,54,3,4.0,PE,1690254995
549,san antonio,29.4241,-98.4936,88.52,58,0,19.57,US,1690254995
550,zell am see,47.3256,12.7944,64.0,48,100,1.74,AT,1690254995
551,cesme,38.3228,26.3064,82.11,36,0,5.75,TR,1690254996
552,kirakira,-10.4544,161.9205,82.44,81,35,1.81,SB,1690254996
553,manapparai,10.6,78.4167,81.46,52,100,14.76,IN,1690254996
554,kaedi,16.1465,-13.5047,90.79,53,100,8.14,MR,1690254996
555,san-pedro,4.7485,-6.6363,75.79,91,100,6.76,CI,1690254996
556,zaozersk,69.4005,32.4476,48.31,96,100,9.35,RU,1690254996
557,carandai,-20.9536,-43.8064,59.14,84,76,3.06,BR,1690254762
558,muisne,0.6,-80.0333,77.5,88,92,12.35,EC,1690254996
559,borzya,50.3833,116.5167,74.98,53,64,7.54,RU,1690254996
560,magadan,59.5667,150.8,76.53,60,8,4.79,RU,1690254997
561,kavaratti,10.5669,72.642,82.92,77,99,17.38,IN,1690254997
562,leava,-14.3,-178.1667,79.16,76,100,17.45,WF,1690254997
563,nizhnyaya poyma,56.1622,97.1933,59.32,98,100,8.08,RU,1690254997
564,al khafji,28.4391,48.4913,94.41,26,58,9.04,SA,1690254997
565,celestun,20.8667,-90.4,82.9,78,100,17.85,MX,1690254997
566,bikenibeu village,1.3673,173.1241,87.76,70,40,3.44,KI,1690254997
567,hassi messaoud,31.6804,6.0729,85.86,14,0,2.3,DZ,1690254997
568,kalamnuri,19.6667,77.3333,74.8,92,100,7.96,IN,1690254997
569,inhambane,-23.865,35.3833,68.38,73,71,17.29,MZ,1690254997
570,juva,56.4368,57.9478,59.99,89,26,7.0,RU,1690254997
571,tshabong,-26.05,22.45,50.99,20,51,9.28,BW,1690254998
572,jianshui,23.6363,102.8264,80.06,64,100,4.27,CN,1690254998
573,inari,68.906,27.0288,50.2,98,100,8.3,FI,1690254998
574,scone,56.4194,-3.4051,52.97,81,92,1.99,GB,1690254998
575,tataouine,32.9297,10.4518,91.36,15,0,9.24,TN,1690254998
576,shimoda,34.6667,138.95,91.11,67,9,8.99,JP,1690254998
577,iskateley,67.6803,53.1512,62.65,78,54,9.44,RU,1690254998
578,eyl,7.9803,49.8164,77.67,65,55,27.38,SO,1690254733
579,puerto armuelles,8.2833,-82.8667,82.09,70,100,3.0,PA,1690254998
580,zemio,5.0314,25.1361,67.71,98,75,1.9,CF,1690254998
581,goroka,-6.0834,145.3873,72.73,63,100,3.02,PG,1690254998
582,andalgala,-27.5819,-66.3165,50.41,53,87,1.14,AR,1690254999
583,weno,7.4515,151.8468,87.75,74,100,4.61,FM,1690254999
584,houma,29.5958,-90.7195,81.0,85,0,0.0,US,1690254999
585,tangalle,6.024,80.7911,84.36,74,80,12.12,LK,1690254734
586,nizhneangarsk,55.7833,109.55,55.83,79,100,3.91,RU,1690254999
587,lorengau,-2.0226,147.2712,77.22,92,100,9.69,PG,1690254999
588,khovd,48.0056,91.6419,68.25,36,19,4.65,MN,1690254999
589,mont-joli,48.5839,-68.1921,67.5,77,0,5.75,CA,1690254999
590,opuwo,-18.0607,13.84,63.72,32,100,5.88,NA,1690254999
591,coxen hole,16.3244,-86.5366,86.36,79,0,17.27,HN,1690254999
592,senj,44.9894,14.9058,83.68,47,50,6.91,HR,1690254999
593,altai,46.3722,96.2583,62.37,36,12,5.5,MN,1690255000
594,balaipungut,1.05,101.2833,85.42,64,73,4.05,ID,1690255000
595,talant,47.3369,5.0089,63.21,68,0,8.05,FR,1690255000
596,maragogi,-9.0122,-35.2225,73.51,84,55,7.25,BR,1690255000
597,palamos,41.8484,3.1291,72.01,8,2,11.32,ES,1690255000
598,abadeh,31.1608,52.6506,79.57,17,88,4.12,IR,1690255000
599,kabalo,-6.05,26.9167,73.27,41,57,3.91,CD,1690255000
